{
    "0":0.6531842738278324,
    "1":0.6531842738278324,
    "2":0.6531842738278324,
    "3":0.6531842738278324,
    "4":0.6531842738278324,
    "5":0.6531842738278324,
    "6":0.6531842738278324,
    "7":0.6531842738278324,
    "8":0.6531842738278324,
    "9":0.6531842738278324,
    " ":0,
    "!":0.4777548253237358,
    "\"":0.5374110845186204,
    "#":0.6531842738278324,
    "$":0.6531842738278324,
    "%":0.916075919033449,
    "&":0.8063703676740469,
    "'":0.38321488047029284,
    "(":0.49949373155335547,
    ")":0.49949373155335547,
    "*":0.587461590028726,
    "+":0.6895846414715455,
    ",":0.4448934834241826,
    "-":0.49949373155335547,
    ".":0.4448934834241826,
    "/":0.4560159190941162,
    ":":0.4560159190941162,
    ";":0.4560159190941162,
    "<":0.6895846414715455,
    "=":0.6895846414715455,
    ">":0.6895846414715455,
    "?":0.6309397058243622,
    "@":1,
    "A":0.7841245863249887,
    "B":0.7623856800953691,
    "C":0.7841245863249887,
    "D":0.8058634925546083,
    "E":0.7401408087555019,
    "F":0.6966623896234686,
    "G":0.8281092739036666,
    "H":0.8058634925546083,
    "I":0.4777548253237358,
    "J":0.587461590028726,
    "K":0.7841245863249887,
    "L":0.6966623896234686,
    "M":0.916075919033449,
    "N":0.8058634925546083,
    "O":0.8281092739036666,
    "P":0.7189072609633358,
    "Q":0.8281092739036666,
    "R":0.7841245863249887,
    "S":0.7189072609633358,
    "T":0.7178959374156346,
    "U":0.8058634925546083,
    "V":0.7841245863249887,
    "W":0.9807897059760304,
    "X":0.7841245863249887,
    "Y":0.7841245863249887,
    "Z":0.7178959374156346,
    "[":0.4777548253237358,
    "\\":0.4560159190941162,
    "]":0.4777548253237358,
    "^":0.6066727940618868,
    "_":0.6531842738278324,
    "`":0.49949373155335547,
    "a":0.6309397058243622,
    "b":0.6531842738278324,
    "c":0.6086951378208921,
    "d":0.6531842738278324,
    "e":0.6309397058243622,
    "f":0.4777548253237358,
    "g":0.6531842738278324,
    "h":0.6531842738278324,
    "i":0.4337710477542491,
    "j":0.4337710477542491,
    "k":0.6309397058243622,
    "l":0.4337710477542491,
    "m":0.8720921414639622,
    "n":0.6531842738278324,
    "o":0.6531842738278324,
    "p":0.6531842738278324,
    "q":0.6531842738278324,
    "r":0.49949373155335547,
    "s":0.587461590028726,
    "t":0.4560159190941162,
    "u":0.6531842738278324,
    "v":0.6309397058243622,
    "w":0.8058634925546083,
    "x":0.6309397058243622,
    "y":0.6309397058243622,
    "z":0.6086951378208921,
    "{":0.5576333087630853,
    "|":0.41809856612885127,
    "}":0.5576333087630853,
    "~":0.6804845495606173
 }
 